{
    "materials":[{
        "DbgIndex":0,
        "wireframe":false,
        "colorEmissive":[0,0,0],
        "colorDiffuse":[0.0397653,0.0397653,0.0397653],
        "blending":"NormalBlending",
        "vertexColors":false,
        "DbgColor":15658734,
        "shading":"phong",
        "transparent":false,
        "depthTest":true,
        "DbgName":"Material.001",
        "depthWrite":true,
        "opacity":1,
        "visible":true,
        "specularCoef":50,
        "colorSpecular":[0.5,0.5,0.5]
    }],
    "faces":[34,0,1,2,0,0,0,0,34,0,2,3,0,1,1,1,34,4,5,6,0,2,2,2,34,4,6,7,0,3,3,3,34,7,2,1,0,4,4,4,34,7,1,4,0,4,4,4,34,6,3,2,0,5,5,5,34,6,2,7,0,5,5,5,34,5,4,1,0,6,6,6,34,5,1,0,0,7,7,7,34,5,0,3,0,8,8,8,34,5,3,6,0,9,9,9],
    "skinWeights":[],
    "metadata":{
        "materials":1,
        "faces":12,
        "vertices":8,
        "version":3,
        "colors":0,
        "uvs":0,
        "generator":"io_three",
        "normals":10,
        "type":"Geometry"
    },
    "influencesPerVertex":2,
    "skinIndices":[],
    "colors":[],
    "uvs":[],
    "normals":[0,-0,1,0,0,1,-0,-0,-1,-0,0,-1,0,-1,0,1,-0,0,-1,0,0,-1,-0,-0,0,1,0,0,1,-0],
    "vertices":[-0.72249,1.81787,-0.384539,-0.72249,1.71787,-0.384539,0.27751,1.71787,-0.384539,0.27751,1.81787,-0.384539,-0.72249,1.71787,-0.484539,-0.72249,1.81787,-0.484539,0.27751,1.81787,-0.484539,0.27751,1.71787,-0.484539]
}